[
  {
    "model": "products.parentcategory",
    "pk": 2,
    "fields": {
      "name": "Овощи и Фрукты",
      "image": "media/parent_categories_images/fresh-vegetables-isolated-on-white-260nw-236837695-no-bg-_9XvMF9T.png",
      "priority": 0
    }
  },
  {
    "model": "products.parentcategory",
    "pk": 3,
    "fields": {
      "name": "Молочная Продукция",
      "image": "media/parent_categories_images/afb1a36d89a3b09add3f70282b484c0b674affad-no-bg-preview_ca_HQlRwVp.png",
      "priority": 0
    }
  },
  {
    "model": "products.parentcategory",
    "pk": 5,
    "fields": {
      "name": "Хлеб И выпечка",
      "image": "media/parent_categories_images/breed_iRdGI3Z.png",
      "priority": 0
    }
  },
  {
    "model": "products.parentcategory",
    "pk": 6,
    "fields": {
      "name": "Мясо и Птица",
      "image": "media/parent_categories_images/meat-no-bg-preview_carve.photos.png",
      "priority": 0
    }
  },
  {
    "model": "products.parentcategory",
    "pk": 9,
    "fields": {
      "name": "Бакалея",
      "image": "media/parent_categories_images/baka-fotor-bg-remover-20250419174416.png",
      "priority": 0
    }
  },
  {
    "model": "products.parentcategory",
    "pk": 10,
    "fields": {
      "name": "Сладости и снеки",
      "image": "media/parent_categories_images/XXL_height-fotor-bg-remover-20250419174547.png",
      "priority": 0
    }
  },
  {
    "model": "products.parentcategory",
    "pk": 11,
    "fields": {
      "name": "Рыба и морепродукты",
      "image": "media/parent_categories_images/172.png",
      "priority": 0
    }
  },
  {
    "model": "products.parentcategory",
    "pk": 12,
    "fields": {
      "name": "Готовые продукты",
      "image": "media/parent_categories_images/Salad.png",
      "priority": 0
    }
  },
  {
    "model": "products.parentcategory",
    "pk": 13,
    "fields": {
      "name": "Заморозка",
      "image": "media/parent_categories_images/pelmeni.png",
      "priority": 0
    }
  },
  {
    "model": "products.parentcategory",
    "pk": 14,
    "fields": {
      "name": "Красота и гигиена",
      "image": "media/parent_categories_images/yhod.png",
      "priority": 0
    }
  },
  {
    "model": "products.parentcategory",
    "pk": 15,
    "fields": {
      "name": "Зоотовары",
      "image": "media/parent_categories_images/сats_food.png",
      "priority": 0
    }
  },
  {
    "model": "products.parentcategory",
    "pk": 16,
    "fields": {
      "name": "Товары для дома",
      "image": "media/parent_categories_images/chimistry.png",
      "priority": 0
    }
  },
  {
    "model": "products.parentcategory",
    "pk": 17,
    "fields": {
      "name": "Для вас",
      "image": "",
      "priority": 2
    }
  },
  {
    "model": "products.parentcategory",
    "pk": 26,
    "fields": {
      "name": "Cкидки и Акции",
      "image": "",
      "priority": 1
    }
  },
  {
    "model": "products.category",
    "pk": 4,
    "fields": {
      "name": "Овощи и зелень",
      "parent_category": 2,
      "has_slider": true,
      "priority": 0,
      "products": []
    }
  },
  {
    "model": "products.category",
    "pk": 5,
    "fields": {
      "name": "Творог",
      "parent_category": 3,
      "has_slider": true,
      "priority": 0,
      "products": []
    }
  },
  {
    "model": "products.category",
    "pk": 7,
    "fields": {
      "name": "Сыры",
      "parent_category": 3,
      "has_slider": true,
      "priority": 0,
      "products": []
    }
  },
  {
    "model": "products.category",
    "pk": 8,
    "fields": {
      "name": "Яйца",
      "parent_category": 3,
      "has_slider": false,
      "priority": 0,
      "products": []
    }
  },
  {
    "model": "products.category",
    "pk": 9,
    "fields": {
      "name": "Кефиры",
      "parent_category": 3,
      "has_slider": false,
      "priority": 0,
      "products": []
    }
  },
  {
    "model": "products.category",
    "pk": 11,
    "fields": {
      "name": "Йогурты",
      "parent_category": 3,
      "has_slider": true,
      "priority": 0,
      "products": []
    }
  },
  {
    "model": "products.category",
    "pk": 12,
    "fields": {
      "name": "Сливки",
      "parent_category": 3,
      "has_slider": false,
      "priority": 0,
      "products": []
    }
  },
  {
    "model": "products.category",
    "pk": 13,
    "fields": {
      "name": "Молоко",
      "parent_category": 3,
      "has_slider": false,
      "priority": 0,
      "products": []
    }
  },
  {
    "model": "products.category",
    "pk": 18,
    "fields": {
      "name": "фрукты и ягоды",
      "parent_category": 2,
      "has_slider": false,
      "priority": 0,
      "products": []
    }
  },
  {
    "model": "products.category",
    "pk": 23,
    "fields": {
      "name": "Хлеб",
      "parent_category": 5,
      "has_slider": false,
      "priority": 0,
      "products": []
    }
  },
  {
    "model": "products.category",
    "pk": 24,
    "fields": {
      "name": "Макаронные изделия",
      "parent_category": 9,
      "has_slider": false,
      "priority": 0,
      "products": []
    }
  },
  {
    "model": "products.category",
    "pk": 28,
    "fields": {
      "name": "Скидки",
      "parent_category": 26,
      "has_slider": true,
      "priority": 3,
      "products": []
    }
  },
  {
    "model": "products.category",
    "pk": 33,
    "fields": {
      "name": "Cпеции",
      "parent_category": 9,
      "has_slider": false,
      "priority": 0,
      "products": []
    }
  },
  {
    "model": "products.product",
    "pk": 13,
    "fields": {
      "name": "Творог 5%",
      "categoryID": 5,
      "price": "50.00",
      "quantity": 10,
      "description": "Натуральный творог с низким содержанием жира.",
      "barcode": 340123,
      "img": "",
      "priority": 0,
      "discount": 0,
      "original_price": "50.00",
      "composition": null
    }
  },
  {
    "model": "products.product",
    "pk": 15,
    "fields": {
      "name": "Сыр Голландский",
      "categoryID": 7,
      "price": "200.00",
      "quantity": 30,
      "description": "Классический сыр с насыщенным вкусом и желтой корочкой.",
      "barcode": 789012345,
      "img": "",
      "priority": 0,
      "discount": 0,
      "original_price": "200.00",
      "composition": null
    }
  },
  {
    "model": "products.product",
    "pk": 16,
    "fields": {
      "name": "Сыр Ушак",
      "categoryID": 7,
      "price": "180.00",
      "quantity": 25,
      "description": "Мягкий сыр с ореховым привкусом, идеально подходит для бутербродов.",
      "barcode": 567890123,
      "img": "",
      "priority": 0,
      "discount": 0,
      "original_price": "180.00",
      "composition": null
    }
  },
  {
    "model": "products.product",
    "pk": 17,
    "fields": {
      "name": "Сыр Российский",
      "categoryID": 7,
      "price": "200.00",
      "quantity": 20,
      "description": "Классический Российский сыр с насыщенным вкусом и незабываемым ароматом.",
      "barcode": 789012345,
      "img": "",
      "priority": 0,
      "discount": 0,
      "original_price": "200.00",
      "composition": null
    }
  },
  {
    "model": "products.product",
    "pk": 18,
    "fields": {
      "name": "Йогурт Данон",
      "categoryID": 11,
      "price": "35.00",
      "quantity": 1,
      "description": "Пищевая ценность на 100 г Белки 5.0 г Жиры 5.0 г Углеводы 2.6 г Калорийность 91.0 ккал",
      "barcode": 0,
      "img": "products/images/danon.png",
      "priority": -1,
      "discount": 30,
      "original_price": "50.00",
      "composition": null
    }
  },
  {
    "model": "products.product",
    "pk": 23,
    "fields": {
      "name": "Макфа",
      "categoryID": 24,
      "price": "120.00",
      "quantity": 1,
      "description": "очень вкусные макароны люблю",
      "barcode": 0,
      "img": "",
      "priority": 0,
      "discount": 0,
      "original_price": "120.00",
      "composition": null
    }
  },
  {
    "model": "products.product",
    "pk": 25,
    "fields": {
      "name": "Йогурт Epica 5%",
      "categoryID": 11,
      "price": "14.00",
      "quantity": 30,
      "description": "Манго-Семена чиа",
      "barcode": 0,
      "img": "",
      "priority": 0,
      "discount": 50,
      "original_price": "28.00",
      "composition": null
    }
  },
  {
    "model": "products.product",
    "pk": 26,
    "fields": {
      "name": "Йогурт Даниссимо",
      "categoryID": 11,
      "price": "39.00",
      "quantity": 42,
      "description": "Фантазия с хрустящими шариками с ягодным вкусом 6.9% 105 г105 г",
      "barcode": 0,
      "img": "",
      "priority": 0,
      "discount": 0,
      "original_price": "39.00",
      "composition": null
    }
  },
  {
    "model": "products.product",
    "pk": 27,
    "fields": {
      "name": "Йогурт греческий Зелёная Линия",
      "categoryID": 11,
      "price": "117.00",
      "quantity": 13,
      "description": "двухслойный малина 3% 190 г190 г",
      "barcode": 86869549,
      "img": "products/images/green_line.webp",
      "priority": 0,
      "discount": 10,
      "original_price": "130.00",
      "composition": "Молоко нормализованное с использованием йогуртовой закваски, наполнитель (сахар-песок, малина свежезамороженная, вода, загуститель – пектин, регулятор кислотности – лимонная кислота, ароматизатор натуральный, краситель натуральный красный свекольный)."
    }
  },
  {
    "model": "products.product",
    "pk": 28,
    "fields": {
      "name": "Йогурт АктиБио",
      "categoryID": 11,
      "price": "56.00",
      "quantity": 30,
      "description": "с вишней 2.9% 130 г130 г",
      "barcode": 0,
      "img": "",
      "priority": 0,
      "discount": 0,
      "original_price": "56.00",
      "composition": null
    }
  },
  {
    "model": "products.product",
    "pk": 29,
    "fields": {
      "name": "Творог 9%",
      "categoryID": 5,
      "price": "60.00",
      "quantity": 15,
      "description": "Кремовый творог с содержанием жира 9%.s",
      "barcode": 0,
      "img": "",
      "priority": 0,
      "discount": 0,
      "original_price": "60.00",
      "composition": null
    }
  },
  {
    "model": "products.product",
    "pk": 31,
    "fields": {
      "name": "Лук Репчатый вес 500г",
      "categoryID": 4,
      "price": "52.00",
      "quantity": 27,
      "description": "",
      "barcode": 0,
      "img": "",
      "priority": 0,
      "discount": 34,
      "original_price": "80.00",
      "composition": null
    }
  },
  {
    "model": "products.product",
    "pk": 32,
    "fields": {
      "name": "Соль",
      "categoryID": 24,
      "price": "30.00",
      "quantity": 23,
      "description": "Морская вкусная соль",
      "barcode": 0,
      "img": "",
      "priority": 0,
      "discount": 0,
      "original_price": "30.00",
      "composition": null
    }
  },
  {
    "model": "products.product",
    "pk": 37,
    "fields": {
      "name": "Творог 9%",
      "categoryID": 5,
      "price": "58.00",
      "quantity": 11,
      "description": "Кремовый творог с содержанием жира 9%.s",
      "barcode": 0,
      "img": "",
      "priority": 0,
      "discount": 3,
      "original_price": "60.00",
      "composition": null
    }
  },
  {
    "model": "products.product",
    "pk": 49,
    "fields": {
      "name": "Йогурт греческий Зелёная Линия",
      "categoryID": 11,
      "price": "28.00",
      "quantity": 35,
      "description": "двухслойный малина 3% 190 г190 г",
      "barcode": 0,
      "img": "",
      "priority": 0,
      "discount": 5,
      "original_price": "30.00",
      "composition": null
    }
  },
  {
    "model": "products.product",
    "pk": 51,
    "fields": {
      "name": "Молоко",
      "categoryID": 13,
      "price": "25.00",
      "quantity": 3,
      "description": "",
      "barcode": 0,
      "img": "",
      "priority": 0,
      "discount": 75,
      "original_price": "100.00",
      "composition": null
    }
  },
  {
    "model": "products.product",
    "pk": 53,
    "fields": {
      "name": "Йогурт Агуша",
      "categoryID": 11,
      "price": "23.00",
      "quantity": 44,
      "description": "",
      "barcode": 0,
      "img": "",
      "priority": 0,
      "discount": 30,
      "original_price": "34.00",
      "composition": null
    }
  },
  {
    "model": "products.product",
    "pk": 54,
    "fields": {
      "name": "Клубника Свежая",
      "categoryID": 18,
      "price": "250.00",
      "quantity": 43,
      "description": "",
      "barcode": 0,
      "img": "",
      "priority": 0,
      "discount": 50,
      "original_price": "500.00",
      "composition": null
    }
  }
]